{
    "P": [
        0.833333313465118,
        0.0,
        0.0,
        0.0,
        0.0,
        0.833333313465118,
        0.0,
        0.0,
        0.0,
        0.0,
        -0.100000001490116,
        0.0,
        -0.0,
        -0.0,
        -0.0,
        1.0
    ],
    "V": [
        1.0,
        0.0,
        0.0,
        0.0,
        0.0,
        1.0,
        0.0,
        0.0,
        0.0,
        0.0,
        1.0,
        0.0,
        0.0,
        0.0,
        0.0,
        1.0
    ]
}